{"cameraMode":{"drawMode":0,"name":"Shaded","section":"Shading Mode"},"sceneLighting":false,"audioPlay":false,"sceneViewState":{"showFog":true,"showMaterialUpdate":false,"showSkybox":false,"showFlares":true,"showImageEffects":true,"showParticleSystems":true},"in2DMode":false,"pivot":{"x":-10.023621559143067,"y":3.3061742782592775,"z":9.705565452575684},"rotation":{"x":0.01041233167052269,"y":0.9894370436668396,"z":-0.09763050824403763,"w":0.10868813097476959},"size":1.4681035280227662,"orthographic":false}