{"cameraMode":{"drawMode":0,"name":"Shaded","section":"Shading Mode"},"sceneLighting":true,"audioPlay":false,"sceneViewState":{"showFog":true,"showMaterialUpdate":false,"showSkybox":true,"showFlares":true,"showImageEffects":true,"showParticleSystems":true},"in2DMode":false,"pivot":{"x":50.50648498535156,"y":6.194977283477783,"z":84.67800903320313},"rotation":{"x":0.000991588574834168,"y":0.39868760108947756,"z":0.00022262729180511087,"w":0.9174312949180603},"size":45.702640533447269,"orthographic":false}